{"materials":[{"id":568,"path":"Resources/unity_builtin_extra\\Sprites-Default","assetBundleId":-2,"data":["Sprites-Default",0,28,3000,0,[["PixelSnap",0],["_EnableExternalAlpha",0]],[["_Color",1,1,1,1],["_RendererColor",1,1,1,1]],[["_MainTex_ST",1,1,0,0],["_Flip",1,1,1,1],["_AlphaTex_ST",1,1,0,0]],[["_MainTex",null,null],["_AlphaTex",null,null]],[]]},{"id":814,"path":"Resources/unity_builtin_extra\\Default-ParticleSystem","assetBundleId":-2,"data":["Default-ParticleSystem",0,176,3000,0,[["_Cutoff",0.5],["_BumpScale",1],["_DistortionStrength",1],["_DistortionBlend",0.5],["_SoftParticlesNearFadeDistance",0],["_SoftParticlesFarFadeDistance",1],["_CameraNearFadeDistance",1],["_CameraFarFadeDistance",2],["_Mode",2],["_ColorMode",0],["_FlipbookMode",0],["_LightingEnabled",0],["_DistortionEnabled",0],["_EmissionEnabled",0],["_BlendOp",0],["_SrcBlend",5],["_DstBlend",10],["_ZWrite",0],["_Cull",2],["_SoftParticlesEnabled",0],["_CameraFadingEnabled",0],["_DistortionStrengthScaled",0]],[["_Color",1,1,1,1],["_EmissionColor",0,0,0,1]],[["_MainTex_ST",1,1,0,0],["_BumpMap_ST",1,1,0,0],["_EmissionMap_ST",1,1,0,0],["_SoftParticleFadeParams",0,0,0,0],["_CameraFadeParams",0,1e9999,0,0],["_ColorAddSubDiff",0,0,0,0]],[["_MainTex",1,812],["_BumpMap",null,null],["_EmissionMap",null,null]],[["_ALPHABLEND_ON",1]]]}],"shaders":[{"id":176,"assetBundleId":-2,"data":[[],"Particles/Standard Unlit",null,["SHADOWS_DEPTH","_ALPHABLEND_ON","_ALPHAMODULATE_ON","_ALPHAPREMULTIPLY_ON","_ALPHATEST_ON","_COLORADDSUBDIFF_ON","_COLORCOLOR_ON","_COLOROVERLAY_ON","_REQUIRE_UV2","EFFECT_BUMP","FOG_EXP","FOG_EXP2","FOG_LINEAR","_EMISSION","_FADING_ON","_NORMALMAP","INSTANCING_ON","PROCEDURAL_INSTANCING_ON","SHADOWS_CUBE","__","_","SOFTPARTICLES_ON"],[[0,0,"",0,"_GrabTexture",0,[0,null],[0,null],[0,null],[[1,null],[0,null],[0,null]],[[1,null],[0,null],[0,null]],[15,null],[0,null],[0,null],[0,null],[0,null],[0,null],[[0,null],[0,null],[0,null],[0,null]],[[0,null],[0,null],[0,null],[0,null]],[[0,null],[0,null],[0,null],[0,null]],[["LIGHTMODE","GRABPASS"]],[],[],[],[],0],[1,0,"ShadowCaster",8,"",0,[4,null],[1,null],[0,null],[[1,null],[0,null],[0,null]],[[1,null],[0,null],[0,null]],[14,null],[0,null],[0,null],[0,null],[255,null],[255,null],[[0,null],[0,null],[0,null],[8,null]],[[0,null],[0,null],[0,null],[8,null]],[[0,null],[0,null],[0,null],[8,null]],[["IGNOREPROJECTOR","true"],["LIGHTMODE","SHADOWCASTER"],["PerformanceChecks","False"],["PreviewType","Plane"],["RenderType","Opaque"],["SHADOWSUPPORT","true"]],["INSTANCING_ON","PROCEDURAL_INSTANCING_ON","SHADOWS_CUBE","SHADOWS_DEPTH","_ALPHABLEND_ON","_ALPHAMODULATE_ON","_ALPHAPREMULTIPLY_ON","_ALPHATEST_ON","_COLORADDSUBDIFF_ON","_COLORCOLOR_ON","_COLOROVERLAY_ON","_REQUIRE_UV2","__","_"],[],[],[],0],[2,0,"",4,"",0,[4,null],[0,"_ZWrite"],[0,"_Cull"],[[0,"_SrcBlend"],[0,"_DstBlend"],[0,"_BlendOp"]],[[0,"_SrcBlend"],[0,"_DstBlend"],[0,"_BlendOp"]],[14,null],[0,null],[0,null],[0,null],[255,null],[255,null],[[0,null],[0,null],[0,null],[8,null]],[[0,null],[0,null],[0,null],[8,null]],[[0,null],[0,null],[0,null],[8,null]],[["IGNOREPROJECTOR","true"],["LIGHTMODE","FORWARDBASE"],["PerformanceChecks","False"],["PreviewType","Plane"],["RenderType","Opaque"]],["EFFECT_BUMP","FOG_EXP","FOG_EXP2","FOG_LINEAR","INSTANCING_ON","PROCEDURAL_INSTANCING_ON","SOFTPARTICLES_ON","_ALPHABLEND_ON","_ALPHAMODULATE_ON","_ALPHAPREMULTIPLY_ON","_ALPHATEST_ON","_COLORADDSUBDIFF_ON","_COLORCOLOR_ON","_COLOROVERLAY_ON","_EMISSION","_FADING_ON","_NORMALMAP","_REQUIRE_UV2","__","_"],[],[[2,0,["_ALPHABLEND_ON"],4,5,0]],[],0]],[],[["_MainTex",4,0,0,0,0,"white"],["_Color",0,1,1,1,1,""],["_Cutoff",3,0.5,0,1,0,""],["_BumpScale",2,1,0,0,0,""],["_BumpMap",4,0,0,0,0,"bump"],["_EmissionColor",0,0,0,0,1,""],["_EmissionMap",4,0,0,0,0,"white"],["_DistortionStrength",2,1,0,0,0,""],["_DistortionBlend",3,0.5,0,1,0,""],["_SoftParticlesNearFadeDistance",2,0,0,0,0,""],["_SoftParticlesFarFadeDistance",2,1,0,0,0,""],["_CameraNearFadeDistance",2,1,0,0,0,""],["_CameraFarFadeDistance",2,2,0,0,0,""],["_Mode",2,0,0,0,0,""],["_ColorMode",2,0,0,0,0,""],["_FlipbookMode",2,0,0,0,0,""],["_LightingEnabled",2,0,0,0,0,""],["_DistortionEnabled",2,0,0,0,0,""],["_EmissionEnabled",2,0,0,0,0,""],["_BlendOp",2,0,0,0,0,""],["_SrcBlend",2,1,0,0,0,""],["_DstBlend",2,0,0,0,0,""],["_ZWrite",2,1,0,0,0,""],["_Cull",2,2,0,0,0,""],["_SoftParticlesEnabled",2,0,0,0,0,""],["_CameraFadingEnabled",2,0,0,0,0,""],["_SoftParticleFadeParams",1,0,0,0,0,""],["_CameraFadeParams",1,0,0,0,0,""],["_ColorAddSubDiff",1,0,0,0,0,""],["_DistortionStrengthScaled",2,0,0,0,0,""]],0,70,0,0,0]},{"id":28,"assetBundleId":-2,"data":[[],"Sprites/Default",null,["PIXELSNAP_ON","ETC1_EXTERNAL_ALPHA","INSTANCING_ON","_","__"],[[0,0,"",0,"",0,[4,null],[0,null],[0,null],[[1,null],[10,null],[0,null]],[[1,null],[10,null],[0,null]],[15,null],[0,null],[0,null],[0,null],[255,null],[255,null],[[0,null],[0,null],[0,null],[8,null]],[[0,null],[0,null],[0,null],[8,null]],[[0,null],[0,null],[0,null],[8,null]],[["CanUseSpriteAtlas","true"],["IGNOREPROJECTOR","true"],["PreviewType","Plane"],["QUEUE","Transparent"],["RenderType","Transparent"]],["ETC1_EXTERNAL_ALPHA","INSTANCING_ON","PIXELSNAP_ON","_","__"],[],[[0,0,[],6,7,0]],[],0]],[],[["_MainTex",4,0,0,0,0,"white"],["_Color",0,1,1,1,1,""],["PixelSnap",2,0,0,0,0,""],["_RendererColor",0,1,1,1,1,""],["_Flip",1,1,1,1,1,""],["_AlphaTex",4,0,0,0,0,"white"],["_EnableExternalAlpha",2,0,0,0,0,""]],null,null,0,0,0]},{"id":50,"assetBundleId":-2,"data":[[],"Hidden/BlitCopy",null,[],[[0,0,"",0,"",0,[8,null],[0,null],[0,null],[[1,null],[0,null],[0,null]],[[1,null],[0,null],[0,null]],[15,null],[0,null],[0,null],[0,null],[255,null],[255,null],[[0,null],[0,null],[0,null],[8,null]],[[0,null],[0,null],[0,null],[8,null]],[[0,null],[0,null],[0,null],[8,null]],[],[],[],[],[],0]],[],[["_MainTex",4,0,0,0,0,""],["_Color",0,1,1,1,1,""]],null,null,0,0,0]},{"id":30,"assetBundleId":-2,"data":[[],"UI/Default",null,["UNITY_UI_ALPHACLIP","UNITY_UI_CLIP_RECT","_"],[[0,0,"Default",0,"",0,[0,"unity_GUIZTestMode"],[0,null],[0,null],[[1,null],[10,null],[0,null]],[[1,null],[10,null],[0,null]],[0,"_ColorMask"],[0,null],[0,null],[0,"_Stencil"],[0,"_StencilReadMask"],[0,"_StencilWriteMask"],[[0,"_StencilOp"],[0,null],[0,null],[0,"_StencilComp"]],[[0,null],[0,null],[0,null],[8,null]],[[0,null],[0,null],[0,null],[8,null]],[["CanUseSpriteAtlas","true"],["IGNOREPROJECTOR","true"],["PreviewType","Plane"],["QUEUE","Transparent"],["RenderType","Transparent"]],["UNITY_UI_ALPHACLIP","UNITY_UI_CLIP_RECT","_"],[],[[0,0,[],8,9,0],[0,0,["UNITY_UI_ALPHACLIP"],8,10,0]],[],0]],[],[["_MainTex",4,0,0,0,0,"white"],["_Color",0,1,1,1,1,""],["_StencilComp",2,8,0,0,0,""],["_Stencil",2,0,0,0,0,""],["_StencilOp",2,0,0,0,0,""],["_StencilWriteMask",2,255,0,0,0,""],["_StencilReadMask",2,255,0,0,0,""],["_ColorMask",2,15,0,0,0,""],["_UseUIAlphaClip",2,0,0,0,0,""]],null,null,0,0,0]},{"id":70,"assetBundleId":-2,"data":[[],"Legacy Shaders/VertexLit",null,["FOG_EXP","FOG_EXP2","FOG_LINEAR","POINT","SPOT","SHADOWS_DEPTH","_","__","INSTANCING_ON","SHADOWS_CUBE"],[[0,0,"",1,"",0,[4,null],[1,null],[2,null],[[1,null],[0,null],[0,null]],[[1,null],[0,null],[0,null]],[15,null],[0,null],[0,null],[0,null],[255,null],[255,null],[[0,null],[0,null],[0,null],[8,null]],[[0,null],[0,null],[0,null],[8,null]],[[0,null],[0,null],[0,null],[8,null]],[["LIGHTMODE","Vertex"],["RenderType","Opaque"]],["FOG_EXP","FOG_EXP2","FOG_LINEAR","POINT","SPOT","_"],[],[],[],0],[1,0,"",2,"",0,[4,null],[1,null],[2,null],[[1,null],[0,null],[0,null]],[[1,null],[0,null],[0,null]],[15,null],[0,null],[0,null],[0,null],[255,null],[255,null],[[0,null],[0,null],[0,null],[8,null]],[[0,null],[0,null],[0,null],[8,null]],[[0,null],[0,null],[0,null],[8,null]],[["LIGHTMODE","VertexLM"],["RenderType","Opaque"]],["FOG_EXP","FOG_EXP2","FOG_LINEAR","__"],[],[],[],0],[2,0,"ShadowCaster",8,"",0,[4,null],[1,null],[2,null],[[1,null],[0,null],[0,null]],[[1,null],[0,null],[0,null]],[15,null],[0,null],[0,null],[0,null],[255,null],[255,null],[[0,null],[0,null],[0,null],[8,null]],[[0,null],[0,null],[0,null],[8,null]],[[0,null],[0,null],[0,null],[8,null]],[["LIGHTMODE","SHADOWCASTER"],["RenderType","Opaque"],["SHADOWSUPPORT","true"]],["INSTANCING_ON","SHADOWS_CUBE","SHADOWS_DEPTH","__"],[],[],[],0]],[],[["_Color",0,1,1,1,1,""],["_SpecColor",0,1,1,1,1,""],["_Emission",0,0,0,0,0,""],["_Shininess",3,0.699999988079071,0.00999999977648258,1,0,""],["_MainTex",4,0,0,0,0,"white"]],null,null,0,0,0]}],"sprites":[{"id":828,"path":"Resources/unity_builtin_extra\\Background","assetBundleId":-2,"data":["Background",1,826,[0,0,0,0.08,0.08,0],[0.05,0.08,0,0.8125,1,0.08,-0.08,0,1,0,0.08,0.075,0,1,0.96875,-0.07,0.08,0,0.0625,1,-0.075,-0.08,0,0.03124997,0,-0.08,0.07,0,0,0.9375,-0.08,-0.05,0,0,0.1875],[6,5,4,3,4,5,1,4,3,0,1,3,2,1,0],-0.000835968181490898,-0.00160364620387554,0.999164044857025,0.998396337032318,0,0,1,1,0.3125,0.3125,0.3125,0.3125,[0,0,0,0],[-0.08,-0.08,0.08,0.08],200,32,32,32,32,16,16,0.0267509818077087,0.0513166785240173]},{"id":844,"path":"Resources/unity_builtin_extra\\UIMask","assetBundleId":-2,"data":["UIMask",1,842,[0,0,0,0.07,0.07,0],[0.055,0.07,0,0.84375,0.9375,0.07,-0.06,0,0.9375,0.125,0.07,0.055,0,0.9375,0.84375,0.055,-0.07,0,0.84375,0.0625,-0.065,-0.07,0,0.09375,0.0625,-0.07,0.07,0,0.0625,0.9375,-0.07,-0.06,0,0.0625,0.125],[6,5,4,0,4,5,3,4,0,1,3,0,2,1,0],-0.000835970044136047,-0.000835970044136047,0.999164044857025,0.999164044857025,0.0625,0.0625,0.9375,0.9375,0.3125,0.3125,0.3125,0.3125,[0,0,0,0],[-0.08,-0.08,0.08,0.08],200,32,32,32,32,16,16,2.02675104141235,2.02675104141235]}],"textures":[{"id":812,"type":0,"path":"Resources/unity_builtin_extra\\Default-ParticleSystem","assetBundleId":-2,"data":["Default-ParticleSystem",64,64,7,1,1,0,4,1,0,1]},{"id":826,"type":0,"path":"Resources/unity_builtin_extra\\Background","assetBundleId":-2,"data":["Background",32,32,6,16,1,0,4,1,1,1]},{"id":842,"type":0,"path":"Resources/unity_builtin_extra\\UIMask","assetBundleId":-2,"data":["UIMask",32,32,6,16,1,0,4,1,1,1]}],"resources":[{"id":0,"assetBundleId":-2,"data":[[["unity_builtin_extra",0,30],["unity_builtin_extra",0,28],["unity_builtin_extra",10,568],["unity_builtin_extra",1,842],["unity_builtin_extra",19,844],["unity_builtin_extra",1,826],["unity_builtin_extra",19,828],["unity_builtin_extra",0,176],["unity_builtin_extra",1,812],["unity_builtin_extra",10,814]],[20154,19318,20184,19318,20186,19318,20188,19318,20190,19318,19302,19318,20136,19318,19328,19318,20152,19318,19320,19318,20138,19318,19306,19318,20142,19318,20144,19318,20156,19318,20158,19318,20160,19318,20162,19318,20164,19318,20166,19318,-891536,95744,-891540,95744,-891546,95744,-891552,95744,-891558,95744,-891530,95744,-891526,95744,19326,19318,19322,19318,-891570,95744,-891564,95744,95806,95744,-891574,95744,19304,19318,19310,19318,-891590,95744,-891578,95744,-891584,95744,20146,19318,20148,19318,19378,19318,-891542,95744,-891548,95744,-891554,95744,-891560,95744,-891532,95744,-891580,95744,-891408,95744,-891412,95744,-891418,95744,-891424,95744,-891430,95744,-891402,95744,-891398,95744,-891442,95744,-891436,95744,95098,95744,-891446,95744,-891462,95744,-891450,95744,-891456,95744,-891414,95744,-891420,95744,-891426,95744,-891432,95744,-891404,95744,-891452,95744,19284,19286,20106,19286,19348,19286,20110,19286,19288,19286,20120,19286,95938,95844,20122,19286,20124,19286,20118,19286,-891628,95844,95824,95844,20108,19286,20112,19286,-891620,95844,-891624,95844,-891638,95844,95064,95844,-891378,95844,95496,95844,-891370,95844,-891374,95844,-891388,95844,95308,95844,-891604,95844,95288,95844,-891596,95844,-891600,95844,-891614,95844,95550,95844,-891476,95844,95862,95844,-891468,95844,-891472,95844,-891486,95844,95062,95844,-891506,95844,95464,95844,-891498,95844,-891502,95844,-891516,95844,19364,19362,19358,19362,19360,19362,95484,95844,95612,95744,95782,95744]]}],"project-settings":[{"id":-1,"assetBundleId":-2,"data":[[["UnityEngine.U2D.CinemachinePixelPerfect",-1],["UnityEngine.EventSystems.EventSystem",-1000],["UnityEngine.UI.ToggleGroup",10],["Coffee.UIExtensions.UIParticleUpdater",-100]],[[0,"Default",0],[828859947,"Background",1],[-1850454745,"Gameplay",2],[193870957,"UI",3],[-874837413,"IntroPreview",4]],[[0,"Default"],[1,"TransparentFX"],[2,"Ignore Raycast"],[4,"Water"],[5,"UI"]],[0.0199999995529652,0.333333343267441,1,0.0299999993294477],[0,-9.8100004196167,0,6,2,0,1,[[0,0,0],[0,0,1],[0,0,2],[0,0,4],[0,0,5],[0,1,0],[0,1,1],[0,1,2],[0,1,4],[0,1,5],[0,2,0],[0,2,1],[0,2,2],[0,2,4],[0,2,5],[0,4,0],[0,4,1],[0,4,2],[0,4,4],[0,4,5],[0,5,0],[0,5,1],[0,5,2],[0,5,4],[0,5,5]]],[null,null,0,-9.8100004196167,3,8,1,0.200000002980232,8,100,360,0.200000002980232,0.75,0.5,0.00999999977648258,2,0.00999999977648258,1,1,1,1,1,0,[[0,0,0],[0,0,1],[0,0,2],[0,0,4],[0,0,5],[0,1,0],[0,1,1],[0,1,2],[0,1,4],[0,1,5],[0,2,0],[0,2,1],[0,2,2],[0,2,4],[0,2,5],[0,4,0],[0,4,1],[0,4,2],[0,4,4],[0,4,5],[0,5,0],[0,5,1],[0,5,2],[0,5,4],[0,5,5]]],[[[[],["Very Low","Low","Medium","High","Very High","Ultra"],0,0,0,0.300000011920929,1,15,0,1,0,0,0,0,0,1,2,4,0,0,0.333333343267441,0.0666666701436043,0.200000002980232,0.466666668653488,0,0,16,2,0,3,512,0,1,2,512,1,1024,0],[[],["Very Low","Low","Medium","High","Very High","Ultra"],0,0,0,0.400000005960464,1,20,0,1,0,0,0,0,0,0,2,16,0,0,0.333333343267441,0.0666666701436043,0.200000002980232,0.466666668653488,0,0,16,2,0,3,512,0,1,2,512,1,1024,1],[[],["Very Low","Low","Medium","High","Very High","Ultra"],1,1,0,0.699999988079071,1,20,0,1,0,0,0,0,0,0,2,64,1,0,0.333333343267441,0.0666666701436043,0.200000002980232,0.466666668653488,0,1,16,2,0,3,512,0,1,2,512,1,1024,2],[[],["Very Low","Low","Medium","High","Very High","Ultra"],2,1,0,1,2,40,1,1,1,0,1,0,0,0,2,256,2,1,0.333333343267441,0.0666666701436043,0.200000002980232,0.466666668653488,0,1,16,2,1,3,512,0,1,2,512,1,1024,3],[[],["Very Low","Low","Medium","High","Very High","Ultra"],2,2,2,1.5,2,70,1,1,2,1,1,0,0,0,2,1024,3,1,0.333333343267441,0.0666666701436043,0.200000002980232,0.466666668653488,0,1,16,2,1,3,512,0,1,2,512,1,1024,4],[[],["Very Low","Low","Medium","High","Very High","Ultra"],2,2,0,2,4,150,1,1,2,1,1,0,0,0,2,4096,4,1,0.333333343267441,0.0666666701436043,0.200000002980232,0.466666668653488,0,1,16,2,1,3,512,0,1,2,512,1,1024,5]],["Very Low","Low","Medium","High","Very High","Ultra"],2,2,0,2,4,150,1,1,2,1,1,0,0,0,2,4096,4,1,0.333333343267441,0.0666666701436043,0.200000002980232,0.466666668653488,0,1,16,2,1,3,512,0,1,2,512,1,1024,5],0,0,0,0,0,["Untagged","Respawn","Finish","EditorOnly","MainCamera","Player","GameController","PreviewCollection","MoneyFloatUI"]]}]}